T,u,r,t,w,i,g
G,r,o,t,l,e
T,o,r,t,e,r,r,a
C,h,i,m,c,h,a,r
M,o,n,f,e,r,n,o
I,n,f,e,r,n,a,p,e
P,i,p,l,u,p
P,r,i,n,p,l,u,p
E,m,p,o,l,e,o,n
S,t,a,r,l,y
S,t,a,r,a,v,i,a
S,t,a,r,a,p,t,o,r
B,i,d,o,o,f
B,i,b,a,r,e,l
K,r,i,c,k,e,t,o,t
K,r,i,c,k,e,t,u,n,e
S,h,i,n,x
L,u,x,i,o
L,u,x,r,a,y
A,b,r,a
K,a,d,a,b,r,a
A,l,a,k,a,z,a,m
M,a,g,i,k,a,r,p
G,y,a,r,a,d,o,s
B,u,d,e,w
R,o,s,e,l,i,a
R,o,s,e,r,a,d,e
Z,u,b,a,t
G,o,l,b,a,t
C,r,o,b,a,t
G,e,o,d,u,d,e
G,r,a,v,e,l,e,r
G,o,l,e,m
O,n,i,x
S,t,e,e,l,i,x
C,r,a,n,i,d,o,s
R,a,m,p,a,r,d,o,s
S,h,i,e,l,d,o,n
B,a,s,t,i,o,d,o,n
M,a,c,h,o,p
M,a,c,h,o,k,e
M,a,c,h,a,m,p
P,s,y,d,u,c,k
G,o,l,d,u,c,k
B,u,r,m,y
W,o,r,m,a,d,a,m
M,o,t,h,i,m
W,u,r,m,p,l,e
S,i,l,c,o,o,n
B,e,a,u,t,i,f,l,y
C,a,s,c,o,o,n
D,u,s,t,o,x
C,o,m,b,e,e
V,e,s,p,i,q,u,e,n
P,a,c,h,i,r,i,s,u
B,u,i,z,e,l
F,l,o,a,t,z,e,l
C,h,e,r,u,b,i
C,h,e,r,r,i,m
S,h,e,l,l,o,s
G,a,s,t,r,o,d,o,n
H,e,r,a,c,r,o,s,s
A,i,p,o,m
A,m,b,i,p,o,m
D,r,i,f,l,o,o,n
D,r,i,f,b,l,i,m
B,u,n,e,a,r,y
L,o,p,u,n,n,y
G,a,s,t,l,y
H,a,u,n,t,e,r
G,e,n,g,a,r
M,i,s,d,r,e,a,v,u,s
M,i,s,m,a,g,i,u,s
M,u,r,k,r,o,w
H,o,n,c,h,k,r,o,w
G,l,a,m,e,o,w
P,u,r,u,g,l,y
G,o,l,d,e,e,n
S,e,a,k,i,n,g
B,a,r,b,o,a,c,h
W,h,i,s,c,a,s,h
C,h,i,n,g,l,i,n,g
C,h,i,m,e,c,h,o
S,t,u,n,k,y
S,k,u,n,t,a,n,k
M,e,d,i,t,i,t,e
M,e,d,i,c,h,a,m
B,r,o,n,z,o,r
B,r,o,n,z,o,n,g
P,o,n,y,t,a
R,a,p,i,d,a,s,h
B,o,n,s,l,y
S,u,d,o,w,o,o,d,o
M,i,m,e, ,J,r,.
M,r,., ,M,i,m,e
H,a,p,p,i,n,y
C,h,a,n,s,e,y
B,l,i,s,s,e,y
C,l,e,f,f,a
C,l,e,f,a,i,r,y
C,l,e,f,a,b,l,e
C,h,a,t,o,t
P,i,c,h,u
P,i,k,a,c,h,u
R,a,i,c,h,u
H,o,o,t,h,o,o,t
N,o,c,t,o,w,l
S,p,i,r,i,t,o,m,b
G,i,b,l,e
G,a,b,i,t,e
G,a,r,c,h,o,m,p
M,u,n,c,h,l,a,x
S,n,o,r,l,a,x
U,n,o,w,n
R,i,o,l,u
L,u,c,a,r,i,o
W,o,o,p,e,r
Q,u,a,g,s,i,r,e
W,i,n,g,u,l,l
P,e,l,i,p,p,e,r
G,i,r,a,f,a,r,i,g
H,i,p,p,o,p,o,t,a,s
H,i,p,p,o,w,d,o,n
A,z,u,r,i,l,l
M,a,r,i,l,l
A,z,u,m,a,r,i,l,l
S,k,o,r,u,p,i
D,r,a,p,i,o,n
C,r,o,a,g,u,n,k
T,o,x,i,c,r,o,a,k
C,a,r,n,i,v,i,n,e
R,e,m,o,r,a,i,d
O,c,t,i,l,l,e,r,y
F,i,n,n,e,o,n
L,u,m,i,n,e,o,n
T,e,n,t,a,c,o,o,l
T,e,n,t,a,c,r,u,e,l
F,e,e,b,a,s
M,i,l,o,t,i,c
M,a,n,t,y,k,e
M,a,n,t,i,n,e
S,n,o,v,e,r
A,b,o,m,a,s,n,o,w
S,n,e,a,s,e,l
W,e,a,v,i,l,e
U,x,i,e
M,e,s,p,r,i,t
A,z,e,l,f
D,i,a,l,g,a
P,a,l,k,i,a
M,a,n,a,p,h,y
R,o,t,o,m
G,l,i,g,a,r
G,l,i,s,c,o,r
N,o,s,e,p,a,s,s
P,r,o,b,o,p,a,s,s
R,a,l,t,s
K,i,r,l,i,a
G,a,r,d,e,v,o,i,r
G,a,l,l,a,d,e
L,i,c,k,i,t,u,n,g
L,i,c,k,i,l,i,c,k,y
E,e,v,e,e
V,a,p,o,r,e,o,n
J,o,l,t,e,o,n
F,l,a,r,e,o,n
E,s,p,e,o,n
U,m,b,r,e,o,n
L,e,a,f,e,o,n
G,l,a,c,e,o,n
S,w,a,b,l,u
A,l,t,a,r,i,a
T,o,g,e,p,i
T,o,g,e,t,i,c
T,o,g,e,k,i,s,s
H,o,u,n,d,o,u,r
H,o,u,n,d,o,o,m
M,a,g,n,e,m,i,t,e
M,a,g,n,e,t,o,n
M,a,g,n,e,z,o,n,e
T,a,n,g,e,l,a
T,a,n,g,r,o,w,t,h
Y,a,n,m,a
Y,a,n,m,e,g,a
T,r,o,p,i,u,s
R,h,y,h,o,r,n
R,h,y,d,o,n
R,h,y,p,e,r,i,o,r
D,u,s,k,u,l,l
D,u,s,c,l,o,p,s
D,u,s,k,n,o,i,r
P,o,r,y,g,o,n
P,o,r,y,g,o,n,2
P,o,r,y,g,o,n,-,Z
S,c,y,t,h,e,r
S,c,i,z,o,r
E,l,e,k,i,d
E,l,e,c,t,a,b,u,z,z
E,l,e,c,t,i,v,i,r,e
M,a,g,b,y
M,a,g,m,a,r
M,a,g,m,o,r,t,a,r
S,w,i,n,u,b
P,i,l,o,s,w,i,n,e
M,a,m,o,s,w,i,n,e
S,n,o,r,u,n,t
G,l,a,l,i,e
F,r,o,s,l,a,s,s
A,b,s,o,l
G,i,r,a,t,i,n,a
