abilities,against_bug,against_dark,against_dragon,against_electric,against_fairy,against_fight,against_fire,against_flying,against_ghost,against_grass,against_ground,against_ice,against_normal,against_poison,against_psychic,against_rock,against_steel,against_water,attack,base_egg_steps,base_happiness,base_total,capture_rate,classfication,defense,experience_growth,height_m,hp,japanese_name,name,percentage_male,pokedex_number,sp_attack,sp_defense,speed,type1,type2,weight_kg,generation,is_legendary,Level,Additional.Criteria,index,Location,Average.Level,Gym.Section
"['Overgrow', 'Shell Armor']",2,1,1,0.5,1,1,2,2,1,0.5,0.5,2,1,2,1,1,1,0.5,68,5120,70,318,45,Tiny Leaf Pokémon,64,1059860,0.4,55,Naetleナエトル,Turtwig,88.1,387,45,55,31,grass,,10.2,4,0,18,(),0,Route 201,2,0
"['Overgrow', 'Shell Armor']",2,1,1,0.5,1,1,2,2,1,0.5,0.5,2,1,2,1,1,1,0.5,89,5120,70,405,45,Grove Pokémon,85,1059860,1.1,75,Hayashigameハヤシガメ,Grotle,88.1,388,55,65,36,grass,,97,4,0,32,(),1,,NA,0
"['Overgrow', 'Shell Armor']",2,1,1,0,1,1,2,2,1,1,0.5,4,1,1,1,0.5,1,1,109,5120,70,525,45,Continent Pokémon,105,1059860,2.2,95,Dodaitoseドダイトス,Torterra,88.1,389,75,85,56,grass,ground,310,4,0,NA,NA,2,,NA,0
"['Blaze', 'Iron Fist']",0.5,1,1,1,0.5,1,0.5,1,1,0.5,2,0.5,1,1,1,2,0.5,2,58,5120,70,309,45,Chimp Pokémon,44,1059860,0.5,44,Hikozaruヒコザル,Chimchar,88.1,390,58,44,61,fire,,6.2,4,0,14,(),3,Route 201,2,0
"['Blaze', 'Iron Fist']",0.25,0.5,1,1,1,1,0.5,2,1,0.5,2,0.5,1,1,2,1,0.5,2,78,5120,70,405,45,Playful Pokémon,52,1059860,0.9,64,Moukazaruモウカザル,Monferno,88.1,391,78,52,81,fire,fighting,22,4,0,36,(),4,,NA,0
"['Blaze', 'Iron Fist']",0.25,0.5,1,1,1,1,0.5,2,1,0.5,2,0.5,1,1,2,1,0.5,2,104,5120,70,534,45,Flame Pokémon,71,1059860,1.2,76,Goukazaruゴウカザル,Infernape,88.1,392,104,71,108,fire,fighting,55,4,0,NA,NA,5,,NA,0
"['Torrent', 'Defiant']",1,1,1,2,1,1,0.5,1,1,2,1,0.5,1,1,1,1,0.5,0.5,51,5120,70,314,45,Penguin Pokémon,53,1059860,0.4,53,Pochamaポッチャマ,Piplup,88.1,393,61,56,40,water,,5.2,4,0,16,(),6,Route 201,2,0
"['Torrent', 'Defiant']",1,1,1,2,1,1,0.5,1,1,2,1,0.5,1,1,1,1,0.5,0.5,66,5120,70,405,45,Penguin Pokémon,68,1059860,0.8,64,Pottaishiポッタイシ,Prinplup,88.1,394,81,76,50,water,,23,4,0,36,(),7,,NA,0
"['Torrent', 'Defiant']",0.5,1,0.5,2,0.5,2,1,0.5,1,1,2,0.25,0.5,0,0.5,0.5,0.25,0.5,86,5120,70,530,45,Emperor Pokémon,88,1059860,1.7,84,Emperteエンペルト,Empoleon,88.1,395,111,101,60,water,steel,84.5,4,0,NA,NA,8,,NA,0
"['Keen Eye', 'Reckless']",0.5,1,1,2,1,1,1,1,0,0.5,0,2,1,1,1,2,1,1,55,3840,70,245,255,Starling Pokémon,30,1059860,0.3,40,Mukkuruムックル,Starly,50,396,30,30,60,normal,flying,2,4,0,14,(),9,Route 201,2,0
"['Intimidate', 'Reckless']",0.5,1,1,2,1,1,1,1,0,0.5,0,2,1,1,1,2,1,1,75,3840,70,340,120,Starling Pokémon,50,1059860,0.6,55,Mukubirdムクバード,Staravia,50,397,40,40,80,normal,flying,15.5,4,0,34,(),10,Route 209,16,1
"['Intimidate', 'Reckless']",0.5,1,1,2,1,1,1,1,0,0.5,0,2,1,1,1,2,1,1,120,3840,70,485,45,Predator Pokémon,70,1059860,1.2,85,Mukuhawkムクホーク,Staraptor,50,398,50,60,100,normal,flying,24.9,4,0,NA,NA,11,,NA,1
"['Simple', 'Unaware', 'Moody']",1,1,1,1,1,2,1,1,0,1,1,1,1,1,1,1,1,1,45,3840,70,250,255,Plump Mouse Pokémon,40,1000000,0.5,59,Bippaビッパ,Bidoof,50,399,35,40,31,normal,,20,4,0,15,(),12,Route 201,2,0
"['Simple', 'Unaware', 'Moody']",1,1,1,2,1,2,0.5,1,0,2,1,0.5,1,1,1,1,0.5,0.5,85,3840,70,410,127,Beaver Pokémon,60,1000000,1,79,Beadaruビーダル,Bibarel,50,400,55,60,71,normal,water,31.5,4,0,NA,NA,13,Route 208,16,1
"['Shed Skin', 'Run Away']",1,1,1,1,1,0.5,2,2,1,0.5,0.5,1,1,1,1,2,1,1,25,3840,70,194,255,Cricket Pokémon,41,1059860,0.3,37,Korobohshiコロボーシ,Kricketot,50,401,25,41,25,bug,,2.2,4,0,10,(),14,Route 201,2,0
"['Swarm', 'Technician']",1,1,1,1,1,0.5,2,2,1,0.5,0.5,1,1,1,1,2,1,1,85,3840,70,384,45,Cricket Pokémon,51,1059860,1,77,Korotockコロトック,Kricketune,50,402,55,51,65,bug,,25.5,4,0,NA,NA,15,Route 206,15,1
"['Rivalry', 'Intimidate', 'Guts']",1,1,1,0.5,1,1,1,0.5,1,1,2,1,1,1,1,1,0.5,1,65,5120,70,263,235,Flash Pokémon,34,1059860,0.5,45,Kolinkコリンク,Shinx,50,403,40,34,45,electric,,9.5,4,0,15,(),16,Route 202,3,0
"['Rivalry', 'Intimidate', 'Guts']",1,1,1,0.5,1,1,1,0.5,1,1,2,1,1,1,1,1,0.5,1,85,5120,100,363,120,Spark Pokémon,49,1059860,0.9,60,Luxioルクシオ,Luxio,50,404,60,49,60,electric,,30.5,4,0,30,(),17,Route 222,41,6
"['Rivalry', 'Intimidate', 'Guts']",1,1,1,0.5,1,1,1,0.5,1,1,2,1,1,1,1,1,0.5,1,120,5120,70,523,45,Gleam Eyes Pokémon,79,1059860,1.4,80,Rentorarレントラー,Luxray,50,405,95,79,70,electric,,42,4,0,NA,NA,18,,NA,6
"['Synchronize', 'Inner Focus', 'Magic Guard']",2,2,1,1,1,0.5,1,1,2,1,1,1,1,1,0.5,1,1,1,20,5120,70,310,200,Psi Pokémon,15,1059860,0.9,25,Caseyケーシィ,Abra,75.4,63,105,55,90,psychic,,19.5,1,0,16,(),19,Route 215,21,2
"['Synchronize', 'Inner Focus', 'Magic Guard']",2,2,1,1,1,0.5,1,1,2,1,1,1,1,1,0.5,1,1,1,35,5120,70,400,100,Psi Pokémon,30,1059860,1.3,40,Yungererユンゲラー,Kadabra,75.4,64,120,70,105,psychic,,56.5,1,0,NA,(Trade),20,Route 215,21,2
"['Synchronize', 'Inner Focus', 'Magic Guard']",2,2,1,1,1,0.5,1,1,2,1,1,1,1,1,0.5,1,1,1,50,5120,70,600,50,Psi Pokémon,65,1059860,1.5,55,Foodinフーディン,Alakazam,75.4,65,175,105,150,psychic,,48,1,0,NA,NA,21,,NA,2
"['Swift Swim', 'Rattled']",1,1,1,2,1,1,0.5,1,1,2,1,0.5,1,1,1,1,0.5,0.5,10,1280,70,200,255,Fish Pokémon,55,1250000,0.9,20,Koikingコイキング,Magikarp,50,129,15,20,80,water,,10,1,0,20,(),22,Route 202,3,0
"['Intimidate', 'Moxie']",0.5,1,1,4,1,0.5,0.5,1,1,1,0,1,1,1,1,2,0.5,0.5,155,1280,70,640,45,Atrocious Pokémon,109,1250000,6.5,95,Gyaradosギャラドス,Gyarados,50,130,70,130,81,water,flying,235,1,0,NA,NA,23,,NA,0
"['Natural Cure', 'Poison Point', 'Leaf Guard']",1,1,1,0.5,0.5,0.5,2,2,1,0.25,1,2,1,1,2,1,1,0.5,30,5120,70,280,255,Bud Pokémon,35,1059860,0.2,40,Subomieスボミー,Budew,50,406,50,70,55,grass,poison,1.2,4,0,NA,"(high Friendship, Daytime)",24,Route 204,7,0
"['Natural Cure', 'Poison Point', 'Leaf Guard']",1,1,1,0.5,0.5,0.5,2,2,1,0.25,1,2,1,1,2,1,1,0.5,60,5120,70,400,150,Thorn Pokémon,45,1059860,0.3,50,Roseliaロゼリア,Roselia,50,315,100,80,65,grass,poison,2,3,0,NA,(use Shiny Stone),25,Route 208,16,1
"['Natural Cure', 'Poison Point', 'Technician']",1,1,1,0.5,0.5,0.5,2,2,1,0.25,1,2,1,1,2,1,1,0.5,70,5120,70,515,75,Bouquet Pokémon,65,1059860,0.9,60,Roseradeロズレイド,Roserade,50,407,125,105,90,grass,poison,14.5,4,0,NA,NA,26,,NA,1
"['Inner Focus', 'Infiltrator']",0.25,1,1,2,0.5,0.25,1,1,1,0.25,0,2,1,0.5,2,2,1,1,45,3840,70,245,255,Bat Pokémon,35,1000000,0.8,40,Zubatズバット,Zubat,50,41,30,40,55,poison,flying,7.5,1,0,22,(),27,Route 203,5,0
"['Inner Focus', 'Infiltrator']",0.25,1,1,2,0.5,0.25,1,1,1,0.25,0,2,1,0.5,2,2,1,1,80,3840,70,455,90,Bat Pokémon,70,1000000,1.6,75,Golbatゴルバット,Golbat,50,42,65,75,90,poison,flying,55,1,0,NA,(high Friendship),28,Mt. Coronet,37,5
"['Inner Focus', 'Infiltrator']",0.25,1,1,2,0.5,0.25,1,1,1,0.25,0,2,1,0.5,2,2,1,1,90,3840,70,535,90,Bat Pokémon,80,1000000,1.8,85,Crobatクロバット,Crobat,50,169,70,80,130,poison,flying,75,2,0,NA,NA,29,,NA,5
"['Rock Head', 'Sturdy', 'Sand Veil', 'Magnet Pull', 'Sturdy', 'Galvanize']",1,1,1,0,1,2,0.5,0.5,1,4,2,2,0.5,0.25,1,0.5,2,4,80,3840,70,300,255,Rock Pokémon,100,1059860,NA,40,Isitsubuteイシツブテ,Geodude,50,74,30,30,20,rock,ground,NA,1,0,25,(),30,Route 206,15,1
"['Rock Head', 'Sturdy', 'Sand Veil', 'Magnet Pull', 'Sturdy', 'Galvanize']",1,1,1,0,1,2,0.5,0.5,1,4,2,2,0.5,0.25,1,0.5,2,4,80,3840,70,300,255,Rock Pokémon,100,1059860,NA,40,Isitsubuteイシツブテ,Geodude,50,74,30,30,20,rock,ground,NA,1,0,25,(),30,Route 206,15,1
"['Rock Head', 'Sturdy', 'Sand Veil', 'Magnet Pull', 'Sturdy', 'Galvanize']",1,1,1,0,1,2,0.5,0.5,1,4,2,2,0.5,0.25,1,0.5,2,4,95,3840,70,390,120,Rock Pokémon,115,1059860,NA,55,Goloneゴローン,Graveler,50,75,45,45,35,rock,ground,NA,1,0,NA,(Trade),31,Route 211,27,3
"['Rock Head', 'Sturdy', 'Sand Veil', 'Magnet Pull', 'Sturdy', 'Galvanize']",1,1,1,0,1,2,0.5,0.5,1,4,2,2,0.5,0.25,1,0.5,2,4,95,3840,70,390,120,Rock Pokémon,115,1059860,NA,55,Goloneゴローン,Graveler,50,75,45,45,35,rock,ground,NA,1,0,NA,(Trade),31,Route 211,27,3
"['Rock Head', 'Sturdy', 'Sand Veil', 'Magnet Pull', 'Sturdy', 'Galvanize']",1,1,1,0,1,2,0.5,0.5,1,4,2,2,0.5,0.25,1,0.5,2,4,120,3840,70,495,45,Megaton Pokémon,130,1059860,NA,80,Golonyaゴローニャ,Golem,50,76,55,65,45,rock,ground,NA,1,0,NA,NA,32,,NA,3
"['Rock Head', 'Sturdy', 'Weak Armor']",1,1,1,0,1,2,0.5,0.5,1,4,2,2,0.5,0.25,1,0.5,2,4,45,6400,70,385,45,Rock Snake Pokémon,160,1000000,8.8,35,Iwarkイワーク,Onix,50,95,30,45,70,rock,ground,210,1,0,NA,(trade holding Metal Coat),33,Oreburgh Mine,9,0
"['Rock Head', 'Sturdy', 'Sheer Force']",0.5,1,0.5,0,0.5,2,2,0.5,1,1,2,1,0.5,0,0.5,0.25,0.5,2,125,6400,70,610,25,Iron Snake Pokémon,230,1000000,9.2,75,Haganeilハガネール,Steelix,50,208,55,95,30,steel,ground,400,2,0,NA,NA,34,Victory Road,51,7
"['Mold Breaker', 'Sheer Force']",1,1,1,1,1,2,0.5,0.5,1,2,2,1,0.5,0.5,1,1,2,2,125,7680,70,350,45,Head Butt Pokémon,40,600000,0.9,67,Zugaidosズガイドス,Cranidos,88.1,408,30,30,58,rock,,31.5,4,0,30,(),35,Oreburgh City,20,2
"['Mold Breaker', 'Sheer Force']",1,1,1,1,1,2,0.5,0.5,1,2,2,1,0.5,0.5,1,1,2,2,165,7680,70,495,45,Head Butt Pokémon,60,600000,1.6,97,Rampaldラムパルド,Rampardos,88.1,409,65,50,58,rock,,102.5,4,0,NA,NA,36,,NA,2
"['Sturdy', 'Soundproof']",0.5,1,0.5,1,0.5,4,1,0.25,1,1,4,0.5,0.25,0,0.5,0.5,1,2,42,7680,70,350,45,Shield Pokémon,118,600000,0.5,30,Tatetopsタテトプス,Shieldon,88.1,410,42,88,30,rock,steel,57,4,0,30,(),37,Oreburgh City,20,2
"['Sturdy', 'Soundproof']",0.5,1,0.5,1,0.5,4,1,0.25,1,1,4,0.5,0.25,0,0.5,0.5,1,2,52,7680,70,495,45,Shield Pokémon,168,600000,1.3,60,Toridepsトリデプス,Bastiodon,88.1,411,47,138,30,rock,steel,149.5,4,0,NA,NA,38,,NA,2
"['Guts', 'No Guard', 'Steadfast']",0.5,0.5,1,1,2,1,1,2,1,1,1,1,1,1,2,0.5,1,1,80,5120,70,305,180,Superpower Pokémon,50,1059860,0.8,70,Wanrikyワンリキー,Machop,75.4,66,35,35,35,fighting,,19.5,1,0,28,(),39,Route 206,15,1
"['Guts', 'No Guard', 'Steadfast']",0.5,0.5,1,1,2,1,1,2,1,1,1,1,1,1,2,0.5,1,1,100,5120,70,405,90,Superpower Pokémon,70,1059860,1.5,80,Gorikyゴーリキー,Machoke,75.4,67,50,60,45,fighting,,70.5,1,0,NA,(Trade),40,Route 210,25,3
"['Guts', 'No Guard', 'Steadfast']",0.5,0.5,1,1,2,1,1,2,1,1,1,1,1,1,2,0.5,1,1,130,5120,70,505,45,Superpower Pokémon,80,1059860,1.6,90,Kairikyカイリキー,Machamp,75.4,68,65,85,55,fighting,,130,1,0,NA,NA,41,,NA,3
"['Damp', 'Cloud Nine', 'Swift Swim']",1,1,1,2,1,1,0.5,1,1,2,1,0.5,1,1,1,1,0.5,0.5,52,5120,70,320,190,Duck Pokémon,48,1000000,0.8,50,Koduckコダック,Psyduck,50,54,65,50,55,water,,19.6,1,0,33,(),42,Route 205,11,0
"['Damp', 'Cloud Nine', 'Swift Swim']",1,1,1,2,1,1,0.5,1,1,2,1,0.5,1,1,1,1,0.5,0.5,82,5120,70,500,75,Duck Pokémon,78,1000000,1.7,80,Golduckゴルダック,Golduck,50,55,95,80,85,water,,76.6,1,0,NA,NA,43,Great Marsh,25,3
"['Shed Skin', 'Overcoat']",1,1,1,1,1,0.5,2,2,1,0.5,0.5,1,1,1,1,2,1,1,29,3840,70,224,120,Bagworm Pokémon,45,1000000,0.2,40,Minomucchiミノムッチ,Burmy,50,412,29,45,36,bug,,3.4,4,0,20,"(, Male)",44,Route 205,11,0
"['Shed Skin', 'Overcoat']",1,1,1,1,1,0.5,2,2,1,0.5,0.5,1,1,1,1,2,1,1,29,3840,70,224,120,Bagworm Pokémon,45,1000000,0.2,40,Minomucchiミノムッチ,Burmy,50,412,29,45,36,bug,,3.4,4,0,20,"(, Female, in grass)",44,Route 205,11,0
"['Shed Skin', 'Overcoat']",1,1,1,1,1,0.5,2,2,1,0.5,0.5,1,1,1,1,2,1,1,29,3840,70,224,120,Bagworm Pokémon,45,1000000,0.2,40,Minomucchiミノムッチ,Burmy,50,412,29,45,36,bug,,3.4,4,0,20,"(, Female, in caves)",44,Route 205,11,0
"['Shed Skin', 'Overcoat']",1,1,1,1,1,0.5,2,2,1,0.5,0.5,1,1,1,1,2,1,1,29,3840,70,224,120,Bagworm Pokémon,45,1000000,0.2,40,Minomucchiミノムッチ,Burmy,50,412,29,45,36,bug,,3.4,4,0,20,"(, Female, in buildings)",44,Route 205,11,0
"['Anticipation', 'Overcoat']",2,1,1,0.5,1,0.5,4,4,1,0.25,0.25,2,1,2,1,2,1,0.5,69,3840,70,424,45,Bagworm Pokémon,95,1000000,0.5,60,Minomadam (kusaki No Mino)ミノマダム,Wormadam,0,413,69,95,36,bug,grass,6.5,4,0,NA,NA,45,,NA,0
"['Swarm', 'Tinted Lens']",0.5,1,1,2,1,0.25,2,2,1,0.25,0,2,1,1,1,4,1,1,94,3840,70,424,45,Moth Pokémon,50,1000000,0.9,70,Gamaleガーメイル,Mothim,100,414,94,50,66,bug,flying,23.3,4,0,NA,NA,46,,NA,0
"['Shield Dust', 'Run Away']",1,1,1,1,1,0.5,2,2,1,0.5,0.5,1,1,1,1,2,1,1,45,3840,70,195,255,Worm Pokémon,35,1000000,0.3,45,Kemussoケムッソ,Wurmple,50,265,20,30,20,bug,,3.6,3,0,NA,NA,47,Route 204,7,0
['Shed Skin'],1,1,1,1,1,0.5,2,2,1,0.5,0.5,1,1,1,1,2,1,1,35,3840,70,205,120,Cocoon Pokémon,55,1000000,0.6,50,Karasalisカラサリス,Silcoon,50,266,25,25,15,bug,,10,3,0,10,(),48,Route 205,11,0
"['Swarm', 'Rivalry']",0.5,1,1,2,1,0.25,2,2,1,0.25,0,2,1,1,1,4,1,1,70,3840,70,395,45,Butterfly Pokémon,50,1000000,1,60,Agehuntアゲハント,Beautifly,50,267,100,50,65,bug,flying,28.4,3,0,NA,NA,49,Route 205,11,0
['Shed Skin'],1,1,1,1,1,0.5,2,2,1,0.5,0.5,1,1,1,1,2,1,1,35,3840,70,205,120,Cocoon Pokémon,55,1000000,0.7,50,Mayuldマユルド,Cascoon,50,268,25,25,15,bug,,11.5,3,0,10,(),50,Route 205,11,0
"['Shield Dust', 'Compoundeyes']",0.5,1,1,1,0.5,0.25,2,2,1,0.25,1,1,1,0.5,2,2,1,1,50,3840,70,385,45,Poison Moth Pokémon,70,1000000,1.2,60,Dokucaleドクケイル,Dustox,50,269,50,90,65,bug,poison,31.6,3,0,NA,NA,51,Route 205,11,0
"['Honey Gather', 'Hustle']",0.5,1,1,2,1,0.25,2,2,1,0.25,0,2,1,1,1,4,1,1,30,3840,70,244,120,Tiny Bee Pokémon,42,1059860,0.3,30,Mitsuhoneyミツハニー,Combee,88.1,415,30,42,70,bug,flying,5.5,4,0,21,"(, Female)",52,Route 205,11,0
"['Pressure', 'Unnerve']",0.5,1,1,2,1,0.25,2,2,1,0.25,0,2,1,1,1,4,1,1,80,3840,70,474,45,Beehive Pokémon,102,1059860,1.2,70,Beequenビークイン,Vespiquen,0,416,80,102,40,bug,flying,38.5,4,0,NA,NA,53,,NA,0
"['Run Away', 'Pickup', 'Volt Absorb']",1,1,1,0.5,1,1,1,0.5,1,1,2,1,1,1,1,1,0.5,1,45,2560,100,405,200,EleSquirrel Pokémon,70,1000000,0.4,60,Pachirisuパチリス,Pachirisu,50,417,45,90,95,electric,,3.9,4,0,NA,NA,54,Route 205,11,0
"['Swift Swim', 'Water Veil']",1,1,1,2,1,1,0.5,1,1,2,1,0.5,1,1,1,1,0.5,0.5,65,5120,70,330,190,Sea Weasel Pokémon,35,1000000,0.7,55,Buoyselブイゼル,Buizel,50,418,60,30,85,water,,29.5,4,0,26,(),55,Route 205,11,0
"['Swift Swim', 'Water Veil']",1,1,1,2,1,1,0.5,1,1,2,1,0.5,1,1,1,1,0.5,0.5,105,5120,70,495,75,Sea Weasel Pokémon,55,1000000,1.1,85,Floazelフローゼル,Floatzel,50,419,85,50,115,water,,33.5,4,0,NA,NA,56,Route 213,22,2
['Chlorophyll'],2,1,1,0.5,1,1,2,2,1,0.5,0.5,2,1,2,1,1,1,0.5,35,5120,70,275,190,Cherry Pokémon,45,1000000,0.4,45,Cherinboチェリンボ,Cherubi,50,420,62,53,35,grass,,3.3,4,0,25,(),57,Route 205,11,0
['Flower Gift'],2,1,1,0.5,1,1,2,2,1,0.5,0.5,2,1,2,1,1,1,0.5,60,5120,70,450,75,Blossom Pokémon,70,1000000,0.5,70,Cherrimチェリム,Cherrim,50,421,87,78,85,grass,,9.3,4,0,NA,NA,58,,NA,0
"['Sticky Hold', 'Storm Drain', 'Sand Force']",1,1,1,2,1,1,0.5,1,1,2,1,0.5,1,1,1,1,0.5,0.5,48,5120,70,325,190,Sea Slug Pokémon,48,1000000,0.3,76,Karanakushiカラナクシ,Shellos,50,422,57,62,34,water,,6.3,4,0,30,(),59,Route 205,11,0
"['Sticky Hold', 'Storm Drain', 'Sand Force']",1,1,1,0,1,1,0.5,1,1,4,1,1,1,0.5,1,0.5,0.5,1,83,5120,70,475,75,Sea Slug Pokémon,68,1000000,0.9,111,Tritodonトリトドン,Gastrodon,50,423,92,82,39,water,ground,29.9,4,0,NA,NA,60,Route 212,17,1
"['Swarm', 'Guts', 'Moxie']",0.5,0.5,1,1,2,0.5,2,4,1,0.5,0.5,1,1,1,2,1,1,1,185,6400,70,600,45,Singlehorn Pokémon,115,1250000,1.5,80,Heracrosヘラクロス,Heracross,50,214,40,105,75,bug,fighting,54,2,0,NA,NA,61,Route 205,11,0
"['Run Away', 'Pickup', 'Skill Link']",1,1,1,1,1,2,1,1,0,1,1,1,1,1,1,1,1,1,70,5120,70,360,45,Long Tail Pokémon,55,800000,0.8,55,Eipamエイパム,Aipom,50,190,40,55,85,normal,,11.5,2,0,NA,(after Double Hit learned),62,Route 205,11,0
"['Technician', 'Pickup', 'Skill Link']",1,1,1,1,1,2,1,1,0,1,1,1,1,1,1,1,1,1,100,5120,100,482,45,Long Tail Pokémon,66,800000,1.2,75,Etebothエテボース,Ambipom,50,424,60,66,115,normal,,20.3,4,0,NA,NA,63,,NA,0
"['Aftermath', 'Unburden', 'Flare Boost']",0.25,2,1,2,1,0,1,1,2,0.5,0,2,0,0.5,1,2,1,1,50,7680,70,348,125,Balloon Pokémon,34,1640000,0.4,90,Fuwanteフワンテ,Drifloon,50,425,60,44,70,ghost,flying,1.2,4,0,28,(),64,Valley Windworks,18,1
"['Aftermath', 'Unburden', 'Flare Boost']",0.25,2,1,2,1,0,1,1,2,0.5,0,2,0,0.5,1,2,1,1,80,7680,70,498,60,Blimp Pokémon,44,1640000,1.2,150,Fuwarideフワライド,Drifblim,50,426,90,54,80,ghost,flying,15,4,0,NA,NA,65,,NA,1
"['Run Away', 'Klutz', 'Limber']",1,1,1,1,1,2,1,1,0,1,1,1,1,1,1,1,1,1,66,5120,0,350,190,Rabbit Pokémon,44,1000000,0.4,55,Mimirolミミロル,Buneary,50,427,44,56,85,normal,,5.5,4,0,NA,(high Friendship),66,Eterna Forest,18,1
"['Cute Charm', 'Klutz', 'Limber']",1,1,1,1,1,2,1,1,0,1,1,1,1,1,1,1,1,1,136,5120,140,580,60,Rabbit Pokémon,94,1000000,1.2,65,Mimilopミミロップ,Lopunny,50,428,54,96,135,normal,,33.3,4,0,NA,NA,67,,NA,1
['Levitate'],0.25,2,1,1,0.5,0,1,1,2,0.5,2,1,0,0.25,2,1,1,1,35,5120,70,310,190,Gas Pokémon,30,1059860,1.3,30,Ghosゴース,Gastly,50,92,100,35,80,ghost,poison,0.1,1,0,25,(),68,Eterna Forest,18,1
['Levitate'],0.25,2,1,1,0.5,0,1,1,2,0.5,2,1,0,0.25,2,1,1,1,50,5120,70,405,90,Gas Pokémon,45,1059860,1.6,45,Ghostゴースト,Haunter,50,93,115,55,95,ghost,poison,0.1,1,0,NA,(Trade),69,Old Chateau,18,1
['Cursed Body'],0.25,2,1,1,0.5,0,1,1,2,0.5,2,1,0,0.25,2,1,1,1,65,5120,70,600,45,Shadow Pokémon,80,1059860,1.5,60,Gangarゲンガー,Gengar,50,94,170,95,130,ghost,poison,40.5,1,0,NA,NA,70,,NA,1
['Levitate'],0.5,2,1,1,1,0,1,1,2,1,1,1,0,0.5,1,1,1,1,60,6400,35,435,45,Screech Pokémon,60,800000,0.7,60,Mumaムウマ,Misdreavus,50,200,85,85,85,ghost,,1,2,0,NA,(use Dusk Stone),71,Eterna Forest,18,1
['Levitate'],0.5,2,1,1,1,0,1,1,2,1,1,1,0,0.5,1,1,1,1,60,6400,35,495,45,Magical Pokémon,60,800000,0.9,60,Mumargiムウマージ,Mismagius,50,429,105,105,105,ghost,,4.4,4,0,NA,NA,72,,NA,1
"['Insomnia', 'Super Luck', 'Prankster']",1,0.5,1,2,2,1,1,1,0.5,0.5,0,2,1,1,0,2,1,1,85,5120,35,405,30,Darkness Pokémon,42,1059860,0.5,60,Yamikarasuヤミカラス,Murkrow,50,198,85,42,91,dark,flying,2.1,2,0,NA,(use Dusk Stone),73,Eterna Forest,18,1
"['Insomnia', 'Super Luck', 'Moxie']",1,0.5,1,2,2,1,1,1,0.5,0.5,0,2,1,1,0,2,1,1,125,5120,35,505,30,Big Boss Pokémon,52,1059860,0.9,100,Dongkarasuドンカラス,Honchkrow,50,430,105,52,71,dark,flying,27.3,4,0,NA,NA,74,,NA,1
"['Limber', 'Own Tempo', 'Keen Eye']",1,1,1,1,1,2,1,1,0,1,1,1,1,1,1,1,1,1,55,5120,70,310,190,Catty Pokémon,42,800000,0.5,49,Nyarmarニャルマー,Glameow,24.6,431,42,37,85,normal,,3.9,4,0,38,(),75,Route 218,29,3
"['Thick Fat', 'Own Tempo', 'Defiant']",1,1,1,1,1,2,1,1,0,1,1,1,1,1,1,1,1,1,82,5120,70,452,75,Tiger Cat Pokémon,64,800000,1,71,Bunyattoブニャット,Purugly,24.6,432,64,59,112,normal,,43.8,4,0,NA,NA,76,Route 222,41,6
"['Swift Swim', 'Water Veil', 'Lightningrod']",1,1,1,2,1,1,0.5,1,1,2,1,0.5,1,1,1,1,0.5,0.5,67,5120,70,320,225,Goldfish Pokémon,60,1000000,0.6,45,Tosakintoトサキント,Goldeen,50,118,35,50,63,water,,15,1,0,33,(),77,Route 203,5,0
"['Swift Swim', 'Water Veil', 'Lightningrod']",1,1,1,2,1,1,0.5,1,1,2,1,0.5,1,1,1,1,0.5,0.5,92,5120,70,450,60,Goldfish Pokémon,65,1000000,1.3,80,Azumaoアズマオウ,Seaking,50,119,65,80,68,water,,39,1,0,NA,NA,78,Route 210,25,3
"['Oblivious', 'Anticipation', 'Hydration']",1,1,1,0,1,1,0.5,1,1,4,1,1,1,0.5,1,0.5,0.5,1,48,5120,70,288,190,Whiskers Pokémon,43,1000000,0.4,50,Dojoachドジョッチ,Barboach,50,339,46,41,60,water,ground,1.9,3,0,30,(),79,Route 210,25,3
"['Oblivious', 'Anticipation', 'Hydration']",1,1,1,0,1,1,0.5,1,1,4,1,1,1,0.5,1,0.5,0.5,1,78,5120,70,468,75,Whiskers Pokémon,73,1000000,0.9,110,Namazunナマズン,Whiscash,50,340,76,71,60,water,ground,23.6,3,0,NA,NA,80,Great Marsh,25,3
['Levitate'],2,2,1,1,1,0.5,1,1,2,1,1,1,1,1,0.5,1,1,1,30,6400,70,285,120,Bell Pokémon,50,800000,0.2,45,Lisyanリーシャン,Chingling,50,433,65,50,45,psychic,,0.6,4,0,NA,"(high Friendship, Nighttime)",81,Route 211,27,3
['Levitate'],2,2,1,1,1,0.5,1,1,2,1,1,1,1,1,0.5,1,1,1,50,6400,70,455,45,Wind Chime Pokémon,80,800000,0.6,75,Chireanチリーン,Chimecho,50,358,95,90,65,psychic,,1,3,0,NA,NA,82,,NA,3
"['Stench', 'Aftermath', 'Keen Eye']",1,0.5,1,1,1,1,1,1,0.5,0.5,2,1,1,0.5,0,1,1,1,63,5120,70,329,225,Skunk Pokémon,47,1000000,0.4,63,Skunpuuスカンプー,Stunky,50,434,41,41,74,poison,dark,19.2,4,0,34,(),83,Route 206,15,1
"['Stench', 'Aftermath', 'Keen Eye']",1,0.5,1,1,1,1,1,1,0.5,0.5,2,1,1,0.5,0,1,1,1,93,5120,70,479,60,Skunk Pokémon,67,1000000,1,103,Skutankスカタンク,Skuntank,50,435,71,61,84,poison,dark,38,4,0,NA,NA,84,Route 221,29,3
"['Pure Power', 'Telepathy']",1,1,1,1,2,0.5,1,2,2,1,1,1,1,1,1,0.5,1,1,40,5120,70,280,180,Meditate Pokémon,55,1000000,0.6,30,Asananアサナン,Meditite,50,307,40,55,60,fighting,psychic,11.2,3,0,37,(),85,Route 208,16,1
"['Pure Power', 'Telepathy']",1,1,1,1,2,0.5,1,2,2,1,1,1,1,1,1,0.5,1,1,100,5120,70,510,90,Meditate Pokémon,85,1000000,1.3,60,Charemチャーレム,Medicham,50,308,80,85,100,fighting,psychic,31.5,3,0,NA,NA,86,Mt. Coronet,37,5
"['Levitate', 'Heatproof', 'Heavy Metal']",1,2,0.5,1,0.5,1,2,0.5,2,0.5,2,0.5,0.5,0,0.25,0.5,0.5,1,24,5120,70,300,255,Bronze Pokémon,86,1000000,0.5,57,Dohmirrorドーミラー,Bronzor,NA,436,24,86,23,steel,psychic,60.5,4,0,33,(),87,Route 206,15,1
"['Levitate', 'Heatproof', 'Heavy Metal']",1,2,0.5,1,0.5,1,2,0.5,2,0.5,2,0.5,0.5,0,0.25,0.5,0.5,1,89,5120,70,500,90,Bronze Bell Pokémon,116,1000000,1.3,67,Dohtakunドータクン,Bronzong,NA,437,79,116,33,steel,psychic,187,4,0,NA,NA,88,Mt. Coronet,37,5
"['Run Away', 'Flash Fire', 'Flame Body']",0.5,1,1,1,0.5,1,0.5,1,1,0.5,2,0.5,1,1,1,2,0.5,2,85,5120,70,410,190,Fire Horse Pokémon,55,1000000,1,50,Ponytaポニータ,Ponyta,50,77,65,65,90,fire,,30,1,0,40,(),89,Route 206,15,1
"['Run Away', 'Flash Fire', 'Flame Body']",0.5,1,1,1,0.5,1,0.5,1,1,0.5,2,0.5,1,1,1,2,0.5,2,85,5120,70,410,190,Fire Horse Pokémon,55,1000000,1,50,Ponytaポニータ,Ponyta,50,77,65,65,90,fire,,30,1,0,40,(),89,Route 206,15,1
"['Run Away', 'Flash Fire', 'Flame Body']",0.5,1,1,1,0.5,1,0.5,1,1,0.5,2,0.5,1,1,1,2,0.5,2,100,5120,70,500,60,Fire Horse Pokémon,70,1000000,1.7,65,Gallopギャロップ,Rapidash,50,78,80,80,105,fire,,95,1,0,NA,NA,90,,NA,1
"['Sturdy', 'Rock Head', 'Rattled']",1,1,1,1,1,2,0.5,0.5,1,2,2,1,0.5,0.5,1,1,2,2,80,5120,70,290,255,Bonsai Pokémon,95,1000000,0.5,50,Usohachiウソハチ,Bonsly,50,438,10,45,10,rock,,15,4,0,NA,(after Mimic learned),91,Route 209,16,1
"['Sturdy', 'Rock Head', 'Rattled']",1,1,1,1,1,2,0.5,0.5,1,2,2,1,0.5,0.5,1,1,2,2,100,5120,70,410,65,Imitation Pokémon,115,1000000,1.2,70,Usokkieウソッキー,Sudowoodo,50,185,30,65,30,rock,,38,2,0,NA,NA,92,Route 214,24,3
"['Soundproof', 'Filter', 'Technician']",1,1,0,1,1,0.25,1,1,2,1,1,1,1,2,0.5,1,2,1,25,6400,70,310,145,Mime Pokémon,45,1000000,0.6,20,Maneneマネネ,Mime Jr.,50,439,70,90,60,psychic,fairy,13,4,0,NA,NA,93,Route 209,16,1
"['Soundproof', 'Filter', 'Technician']",1,1,0,1,1,0.25,1,1,2,1,1,1,1,2,0.5,1,2,1,45,6400,70,460,45,Barrier Pokémon,65,1000000,1.3,40,Barrierdバリヤード,Mr. Mime,50,122,100,120,90,psychic,fairy,54.5,1,0,42,(),94,Route 218,29,3
"['Natural Cure', 'Serene Grace', 'Friend Guard']",1,1,1,1,1,2,1,1,0,1,1,1,1,1,1,1,1,1,5,10240,140,220,130,Playhouse Pokémon,5,800000,0.6,100,Pinpukuピンプク,Happiny,0,440,15,65,30,normal,,24.4,4,0,NA,"(hold Oval Stone, Daytime)",95,Trophy Garden,17,1
"['Natural Cure', 'Serene Grace', 'Healer']",1,1,1,1,1,2,1,1,0,1,1,1,1,1,1,1,1,1,5,10240,140,450,30,Egg Pokémon,5,800000,1.1,250,Luckyラッキー,Chansey,0,113,35,105,50,normal,,34.6,1,0,NA,(high Friendship),96,Route 209,16,1
"['Natural Cure', 'Serene Grace', 'Healer']",1,1,1,1,1,2,1,1,0,1,1,1,1,1,1,1,1,1,10,10240,140,540,30,Happiness Pokémon,10,800000,1.5,255,Happinasハピナス,Blissey,0,242,75,135,55,normal,,46.8,2,0,NA,NA,97,,NA,1
"['Cute Charm', 'Magic Guard', 'Friend Guard']",0.5,0.5,0,1,1,0.5,1,1,1,1,1,1,1,2,1,1,2,1,25,2560,140,218,150,Star Shape Pokémon,28,800000,0.3,50,Pyピィ,Cleffa,24.6,173,45,55,15,fairy,,3,2,0,NA,(high Friendship),98,Trophy Garden,17,1
"['Cute Charm', 'Magic Guard', 'Friend Guard']",0.5,0.5,0,1,1,0.5,1,1,1,1,1,1,1,2,1,1,2,1,45,2560,140,323,150,Fairy Pokémon,48,800000,0.6,70,Pippiピッピ,Clefairy,24.6,35,60,65,35,fairy,,7.5,1,0,NA,(use Moon Stone),99,Mt. Coronet,37,5
"['Cute Charm', 'Magic Guard', 'Unaware']",0.5,0.5,0,1,1,0.5,1,1,1,1,1,1,1,2,1,1,2,1,70,2560,140,483,25,Fairy Pokémon,73,800000,1.3,95,Pixyピクシー,Clefable,24.6,36,95,90,60,fairy,,40,1,0,NA,NA,100,,NA,5
"['Keen Eye', 'Tangled Feet', 'Big Pecks']",0.5,1,1,2,1,1,1,1,0,0.5,0,2,1,1,1,2,1,1,65,5120,35,411,30,Music Note Pokémon,45,1059860,0.5,76,Perapペラップ,Chatot,50,441,92,42,91,normal,flying,1.9,4,0,NA,NA,101,Route 213,22,2
"['Static', 'Lightningrod']",1,1,1,0.5,1,1,1,0.5,1,1,2,1,1,1,1,1,0.5,1,40,2560,70,205,190,Tiny Mouse Pokémon,15,1000000,0.3,20,Pichuピチュー,Pichu,50,172,35,35,60,electric,,2,2,0,NA,(high Friendship),102,Trophy Garden,17,1
"['Static', 'Lightningrod']",1,1,1,0.5,1,1,1,0.5,1,1,2,1,1,1,1,1,0.5,1,55,2560,70,320,190,Mouse Pokémon,40,1000000,0.4,35,Pikachuピカチュウ,Pikachu,50,25,50,50,90,electric,,6,1,0,NA,NA,103,Trophy Garden,17,1
"['Static', 'Lightningrod', 'Surge Surfer']",1,1,1,0.5,1,1,1,0.5,1,1,2,1,1,1,1,1,0.5,1,85,2560,70,485,75,Mouse Pokémon,50,1000000,NA,60,Raichuライチュウ,Raichu,50,26,95,85,110,electric,electric,NA,1,0,NA,NA,104,,NA,1
"['Insomnia', 'Keen Eye', 'Tinted Lens']",0.5,1,1,2,1,1,1,1,0,0.5,0,2,1,1,1,2,1,1,30,3840,70,262,255,Owl Pokémon,30,1000000,0.7,60,Hohoホーホー,Hoothoot,50,163,36,56,50,normal,flying,21.2,2,0,20,(),105,Route 205,11,0
"['Insomnia', 'Keen Eye', 'Tinted Lens']",0.5,1,1,2,1,1,1,1,0,0.5,0,2,1,1,1,2,1,1,50,3840,70,452,90,Owl Pokémon,50,1000000,1.6,100,Yorunozukuヨルノズク,Noctowl,50,164,86,96,70,normal,flying,40.8,2,0,NA,NA,106,Route 210,25,3
"['Pressure', 'Infiltrator']",1,1,1,1,2,0,1,1,1,1,1,1,0,0.5,0,1,1,1,92,7680,70,485,100,Forbidden Pokémon,108,1000000,1,50,Mikarugeミカルゲ,Spiritomb,50,442,92,108,35,ghost,dark,108,4,0,NA,NA,107,Route 209,16,1
"['Sand Veil', 'Rough Skin']",1,1,2,0,2,1,0.5,1,1,1,1,4,1,0.5,1,0.5,1,1,70,10240,70,300,45,Land Shark Pokémon,45,1250000,0.7,58,Fukamaruフカマル,Gible,50,443,40,45,42,dragon,ground,20.5,4,0,24,(),108,Wayward Cave,16,1
"['Sand Veil', 'Rough Skin']",1,1,2,0,2,1,0.5,1,1,1,1,4,1,0.5,1,0.5,1,1,90,10240,70,410,45,Cave Pokémon,65,1250000,1.4,68,Gabiteガバイト,Gabite,50,444,50,55,82,dragon,ground,56,4,0,48,(),109,Victory Road,51,7
"['Sand Veil', 'Rough Skin']",1,1,2,0,2,1,0.5,1,1,1,1,4,1,0.5,1,0.5,1,1,170,10240,70,700,45,Mach Pokémon,115,1250000,1.9,108,Gaburiasガブリアス,Garchomp,50,445,120,95,92,dragon,ground,95,4,0,NA,NA,110,,NA,7
"['Pickup', 'Thick Fat', 'Gluttony']",1,1,1,1,1,2,1,1,0,1,1,1,1,1,1,1,1,1,85,10240,70,390,50,Big Eater Pokémon,40,1250000,0.6,135,Gonbeゴンベ,Munchlax,88.1,446,40,85,5,normal,,105,4,0,NA,(high Friendship),111,Route 205,11,0
"['Immunity', 'Thick Fat', 'Gluttony']",1,1,1,1,1,2,1,1,0,1,1,1,1,1,1,1,1,1,110,10240,70,540,25,Sleeping Pokémon,65,1250000,2.1,160,Kabigonカビゴン,Snorlax,88.1,143,65,110,30,normal,,460,1,0,NA,NA,112,,NA,0
['Levitate'],2,2,1,1,1,0.5,1,1,2,1,1,1,1,1,0.5,1,1,1,72,10240,70,336,225,Symbol Pokémon,48,1000000,0.5,48,Unknownアンノーン,Unown,NA,201,72,48,48,psychic,,5,2,0,NA,NA,113,Solaceon Ruins,20,2
"['Steadfast', 'Inner Focus', 'Prankster']",0.5,0.5,1,1,2,1,1,2,1,1,1,1,1,1,2,0.5,1,1,70,6400,70,285,75,Emanation Pokémon,40,1059860,0.7,40,Rioluリオル,Riolu,88.1,447,35,40,60,fighting,,20.2,4,0,NA,"(high Friendship, Daytime)",114,Iron Island,32,4
"['Steadfast', 'Inner Focus', 'Justified']",0.25,0.5,0.5,1,1,2,2,1,1,0.5,2,0.5,0.5,0,1,0.25,0.5,1,145,6400,70,625,45,Aura Pokémon,88,1059860,1.2,70,Lucarioルカリオ,Lucario,88.1,448,140,70,112,fighting,steel,54,4,0,NA,NA,115,,NA,4
"['Damp', 'Water Absorb', 'Unaware']",1,1,1,0,1,1,0.5,1,1,4,1,1,1,0.5,1,0.5,0.5,1,45,5120,70,210,255,Water Fish Pokémon,45,1000000,0.4,55,Upahウパー,Wooper,50,194,25,25,15,water,ground,8.5,2,0,20,(),116,Route 212,17,1
"['Damp', 'Water Absorb', 'Unaware']",1,1,1,0,1,1,0.5,1,1,4,1,1,1,0.5,1,0.5,0.5,1,45,5120,70,210,255,Water Fish Pokémon,45,1000000,0.4,55,Upahウパー,Wooper,50,194,25,25,15,water,ground,8.5,2,0,20,(),116,Route 212,17,1
"['Damp', 'Water Absorb', 'Unaware']",1,1,1,0,1,1,0.5,1,1,4,1,1,1,0.5,1,0.5,0.5,1,85,5120,70,430,90,Water Fish Pokémon,85,1000000,1.4,95,Nuohヌオー,Quagsire,50,195,65,65,35,water,ground,75,2,0,NA,NA,117,Route 212,17,1
"['Keen Eye', 'Hydration', 'Rain Dish']",0.5,1,1,4,1,0.5,0.5,1,1,1,0,1,1,1,1,2,0.5,0.5,30,5120,70,270,190,Seagull Pokémon,30,1000000,0.6,40,Camomeキャモメ,Wingull,50,278,55,30,85,water,flying,9.5,3,0,25,(),118,Route 213,22,2
"['Keen Eye', 'Drizzle', 'Rain Dish']",0.5,1,1,4,1,0.5,0.5,1,1,1,0,1,1,1,1,2,0.5,0.5,50,5120,70,440,45,Water Bird Pokémon,100,1000000,1.2,60,Pelipperペリッパー,Pelipper,50,279,95,70,65,water,flying,28,3,0,NA,NA,119,Route 219,25,3
"['Inner Focus', 'Early Bird', 'Sap Sipper']",2,2,1,1,1,1,1,1,0,1,1,1,1,1,0.5,1,1,1,80,5120,70,455,60,Long Neck Pokémon,65,1000000,1.5,70,Kirinrikiキリンリキ,Girafarig,50,203,90,65,85,normal,psychic,41.5,2,0,NA,(after Twin Beam learned),120,Route 214,24,3
"['Sand Stream', 'Sand Force']",1,1,1,0,1,1,1,1,1,2,1,2,1,0.5,1,0.5,1,2,72,7680,70,330,140,Hippo Pokémon,78,1250000,0.8,68,Hippopotasヒポポタス,Hippopotas,50,449,38,42,32,ground,,49.5,4,0,34,(),121,Ruin Maniac Tunnel,19,1
"['Sand Stream', 'Sand Force']",1,1,1,0,1,1,1,1,1,2,1,2,1,0.5,1,0.5,1,2,112,7680,70,525,60,Heavyweight Pokémon,118,1250000,2,108,Kabaldonカバルドン,Hippowdon,50,450,68,72,47,ground,,300,4,0,NA,NA,122,Route 228,53,7
"['Thick Fat', 'Huge Power', 'Sap Sipper']",0.5,0.5,0,1,1,1,1,1,0,1,1,1,1,2,1,1,2,1,20,2560,70,190,150,Polka Dot Pokémon,40,800000,0.2,50,Ruririルリリ,Azurill,24.6,298,20,40,20,normal,fairy,2,3,0,NA,(high Friendship),123,Greath Marsh,NA,7
"['Thick Fat', 'Huge Power', 'Sap Sipper']",0.5,0.5,0,2,1,0.5,0.5,1,1,2,1,0.5,1,2,1,1,1,0.5,20,2560,70,250,190,Aquamouse Pokémon,50,800000,0.4,70,Marilマリル,Marill,50,183,20,50,40,water,fairy,8.5,2,0,18,(),124,Route 212,17,1
"['Thick Fat', 'Huge Power', 'Sap Sipper']",0.5,0.5,0,2,1,0.5,0.5,1,1,2,1,0.5,1,2,1,1,1,0.5,50,2560,70,420,75,Aquarabbit Pokémon,80,800000,0.8,100,Marilliマリルリ,Azumarill,50,184,60,80,50,water,fairy,28.5,2,0,NA,NA,125,,NA,1
"['Battle Armor', 'Sniper', 'Keen Eye']",0.5,1,1,1,0.5,0.25,2,2,1,0.25,1,1,1,0.5,2,2,1,1,50,5120,70,330,120,Scorpion Pokémon,90,1250000,0.8,40,Scorupiスコルピ,Skorupi,50,451,30,55,65,poison,bug,12,4,0,40,(),126,Greath Marsh,NA,1
"['Battle Armor', 'Sniper', 'Keen Eye']",1,0.5,1,1,1,1,1,1,0.5,0.5,2,1,1,0.5,0,1,1,1,90,5120,70,500,45,Ogre Scorp Pokémon,110,1250000,1.3,70,Dorapionドラピオン,Drapion,50,452,60,75,95,poison,dark,61.5,4,0,NA,NA,127,Greath Marsh,NA,1
"['Anticipation', 'Dry Skin', 'Poison Touch']",0.25,0.5,1,1,1,0.5,1,2,1,0.5,2,1,1,0.5,4,0.5,1,1,61,2560,100,300,140,Toxic Mouth Pokémon,40,1000000,0.7,48,Gureggruグレッグル,Croagunk,50,453,61,40,50,poison,fighting,23,4,0,37,(),128,Route 212,17,1
"['Anticipation', 'Dry Skin', 'Poison Touch']",0.25,0.5,1,1,1,0.5,1,2,1,0.5,2,1,1,0.5,4,0.5,1,1,106,5120,70,490,75,Toxic Mouth Pokémon,65,1000000,1.3,83,Dokurogドクロッグ,Toxicroak,50,454,86,65,85,poison,fighting,44.4,4,0,NA,NA,129,Greath Marsh,NA,1
['Levitate'],2,1,1,0.5,1,1,2,2,1,0.5,0.5,2,1,2,1,1,1,0.5,100,6400,70,454,200,Bug Catcher Pokémon,72,1250000,1.4,74,Muskippaマスキッパ,Carnivine,50,455,90,72,46,grass,,27,4,0,NA,NA,130,Greath Marsh,NA,1
"['Hustle', 'Sniper', 'Moody']",1,1,1,2,1,1,0.5,1,1,2,1,0.5,1,1,1,1,0.5,0.5,65,5120,70,300,190,Jet Pokémon,35,1000000,0.6,35,Teppouoテッポウオ,Remoraid,50,223,65,35,65,water,,12,2,0,25,(),131,Route 212,17,1
"['Suction Cups', 'Sniper', 'Moody']",1,1,1,2,1,1,0.5,1,1,2,1,0.5,1,1,1,1,0.5,0.5,105,5120,70,480,75,Jet Pokémon,75,1000000,0.9,75,Okutankオクタン,Octillery,50,224,105,75,45,water,,28.5,2,0,NA,NA,132,Route 212,17,1
"['Swift Swim', 'Storm Drain', 'Water Veil']",1,1,1,2,1,1,0.5,1,1,2,1,0.5,1,1,1,1,0.5,0.5,49,5120,70,330,190,Wing Fish Pokémon,56,600000,0.4,49,Keikouoケイコウオ,Finneon,50,456,49,61,66,water,,7,4,0,31,(),133,Route 218,29,3
"['Swift Swim', 'Storm Drain', 'Water Veil']",1,1,1,2,1,1,0.5,1,1,2,1,0.5,1,1,1,1,0.5,0.5,69,5120,70,460,75,Neon Pokémon,76,600000,1.2,69,Neolantネオラント,Lumineon,50,457,69,86,91,water,,24,4,0,NA,NA,134,Route 218,29,3
"['Clear Body', 'Liquid Ooze', 'Rain Dish']",0.5,1,1,2,0.5,0.5,0.5,1,1,1,2,0.5,1,0.5,2,1,0.5,0.5,40,5120,70,335,190,Jellyfish Pokémon,35,1250000,0.9,40,Menokurageメノクラゲ,Tentacool,50,72,50,100,70,water,poison,45.5,1,0,30,(),135,Route 212,17,1
"['Clear Body', 'Liquid Ooze', 'Rain Dish']",0.5,1,1,2,0.5,0.5,0.5,1,1,1,2,0.5,1,0.5,2,1,0.5,0.5,70,5120,70,515,60,Jellyfish Pokémon,65,1250000,1.6,80,Dokukurageドククラゲ,Tentacruel,50,73,80,120,100,water,poison,55,1,0,NA,NA,136,Route 212,17,1
"['Swift Swim', 'Oblivious', 'Adaptability']",1,1,1,2,1,1,0.5,1,1,2,1,0.5,1,1,1,1,0.5,0.5,15,5120,70,200,255,Fish Pokémon,20,600000,0.6,20,Hinbassヒンバス,Feebas,50,349,10,55,80,water,,7.4,3,0,NA,"(trade holding Prism Scale, or level up with max Beauty)",137,Mt. Coronet,37,5
"['Marvel Scale', 'Competitive', 'Cute Charm']",1,1,1,2,1,1,0.5,1,1,2,1,0.5,1,1,1,1,0.5,0.5,60,5120,70,540,60,Tender Pokémon,79,600000,6.2,95,Milokarossミロカロス,Milotic,50,350,100,125,81,water,,162,3,0,NA,NA,138,,NA,5
"['Swift Swim', 'Water Absorb', 'Water Veil']",0.5,1,1,4,1,0.5,0.5,1,1,1,0,1,1,1,1,2,0.5,0.5,20,6400,70,345,25,Kite Pokémon,50,1250000,1,45,Tamantaタマンタ,Mantyke,50,458,60,120,50,water,flying,65,4,0,NA,(with Remoraid in party),139,Route 223,40,6
"['Swift Swim', 'Water Absorb', 'Water Veil']",0.5,1,1,4,1,0.5,0.5,1,1,1,0,1,1,1,1,2,0.5,0.5,40,6400,70,485,25,Kite Pokémon,70,1250000,2.1,85,Mantainマンタイン,Mantine,50,226,80,140,70,water,flying,220,2,0,NA,NA,140,,NA,6
"['Snow Warning', 'Soundproof']",2,1,1,0.5,1,2,4,2,1,0.5,0.5,1,1,2,1,2,2,0.5,62,5120,70,334,120,Frosted Tree Pokémon,50,1250000,1,60,Yukikaburiユキカブリ,Snover,50,459,62,60,40,grass,ice,50.5,4,0,40,(),141,Route 216,33,4
"['Snow Warning', 'Soundproof']",2,1,1,0.5,1,2,4,2,1,0.5,0.5,1,1,2,1,2,2,0.5,132,5120,70,594,60,Frosted Tree Pokémon,105,1250000,2.2,90,Yukinoohユキノオー,Abomasnow,50,460,132,105,30,grass,ice,135.5,4,0,NA,NA,142,,NA,4
"['Inner Focus', 'Keen Eye', 'Pickpocket']",2,0.5,1,1,2,4,2,1,0.5,1,1,0.5,1,1,0,2,2,1,95,5120,35,430,60,Sharp Claw Pokémon,55,1059860,0.9,55,Nyulaニューラ,Sneasel,50,215,35,75,115,dark,ice,28,2,0,NA,"(hold Razor Claw, Nighttime)",143,Route 216,33,4
"['Inner Focus', 'Keen Eye', 'Pickpocket']",2,0.5,1,1,2,4,2,1,0.5,1,1,0.5,1,1,0,2,2,1,95,5120,35,430,60,Sharp Claw Pokémon,55,1059860,0.9,55,Nyulaニューラ,Sneasel,50,215,35,75,115,dark,ice,28,2,0,NA,"(use Razor Claw, Daytime)",143,Route 216,33,4
"['Pressure', 'Pickpocket']",2,0.5,1,1,2,4,2,1,0.5,1,1,0.5,1,1,0,2,2,1,120,5120,35,510,45,Sharp Claw Pokémon,65,1059860,1.1,70,Manyulaマニューラ,Weavile,50,461,45,85,125,dark,ice,34,4,0,NA,NA,144,,NA,4
['Levitate'],2,2,1,1,1,0.5,1,1,2,1,1,1,1,1,0.5,1,1,1,75,20480,140,580,3,Knowledge Pokémon,130,1250000,0.3,75,Yuxieユクシー,Uxie,NA,480,75,130,95,psychic,,0.3,4,1,NA,NA,145,Lake Acuity,51,7
['Levitate'],2,2,1,1,1,0.5,1,1,2,1,1,1,1,1,0.5,1,1,1,105,20480,140,580,3,Emotion Pokémon,105,1250000,0.3,80,Emritエムリット,Mesprit,NA,481,105,105,80,psychic,,0.3,4,1,NA,NA,146,Lake Verity,51,7
['Levitate'],2,2,1,1,1,0.5,1,1,2,1,1,1,1,1,0.5,1,1,1,125,20480,140,580,3,Willpower Pokémon,70,1250000,0.3,75,Agnomeアグノム,Azelf,NA,482,125,70,115,psychic,,0.3,4,1,NA,NA,147,Lake Valor,51,7
"['Pressure', 'Telepathy']",0.5,1,1,0.5,1,2,1,0.5,1,0.25,2,1,0.5,0,0.5,0.5,0.5,0.5,120,30720,0,680,3,Temporal Pokémon,120,1250000,5.4,100,Dialgaディアルガ,Dialga,NA,483,150,100,90,steel,dragon,683,4,1,NA,NA,148,Spear Pillar,55,7
"['Pressure', 'Telepathy']",1,1,2,1,2,1,0.25,1,1,1,1,1,1,1,1,1,0.5,0.25,120,30720,0,680,3,Spatial Pokémon,100,1250000,4.2,90,Palkiaパルキア,Palkia,NA,484,150,120,100,water,dragon,336,4,1,NA,NA,149,Spear Pillar,55,7
['Hydration'],1,1,1,2,1,1,0.5,1,1,2,1,0.5,1,1,1,1,0.5,0.5,100,2560,70,600,3,Seafaring Pokémon,100,1250000,0.3,100,Manaphyマナフィ,Manaphy,NA,490,100,100,100,water,,1.4,4,1,NA,NA,150,,NA,7
['Levitate'],0.5,2,1,0.5,1,0,1,0.5,2,1,2,1,0,0.5,1,1,0.5,1,65,5120,70,520,45,Plasma Pokémon,107,1000000,0.3,50,Rotomロトム,Rotom,NA,479,105,107,86,electric,ghost,0.3,4,0,NA,NA,151,Old Chateau,18,1
"['Hyper Cutter', 'Sand Veil', 'Immunity']",0.5,1,1,0,1,0.5,1,1,1,1,0,4,1,0.5,1,1,1,2,75,5120,70,430,60,Flyscorpion Pokémon,105,1059860,1.1,65,Gligerグライガー,Gligar,50,207,35,65,85,ground,flying,64.8,2,0,NA,"(hold Razor Fang, Nighttime)",152,Route 206,15,1
"['Hyper Cutter', 'Sand Veil', 'Poison Heal']",0.5,1,1,0,1,0.5,1,1,1,1,0,4,1,0.5,1,1,1,2,95,5120,70,510,30,Fang Scorp Pokémon,125,1059860,2,75,Glionグライオン,Gliscor,50,472,45,75,95,ground,flying,42.5,4,0,NA,NA,153,,NA,1
"['Sturdy', 'Magnet Pull', 'Sand Force']",1,1,1,1,1,2,0.5,0.5,1,2,2,1,0.5,0.5,1,1,2,2,45,5120,70,375,255,Compass Pokémon,135,1000000,1,30,Nosepassノズパス,Nosepass,50,299,45,90,30,rock,,97,3,0,NA,(level up in a Magnetic Field area),154,Route 206,15,1
"['Sturdy', 'Magnet Pull', 'Sand Force']",0.5,1,0.5,1,0.5,4,1,0.25,1,1,4,0.5,0.25,0,0.5,0.5,1,2,55,5120,70,525,60,Compass Pokémon,145,1000000,1.4,60,Dainoseダイノーズ,Probopass,50,476,75,150,40,rock,steel,340,4,0,NA,NA,155,,NA,1
"['Synchronize', 'Trace', 'Telepathy']",1,1,0,1,1,0.25,1,1,2,1,1,1,1,2,0.5,1,2,1,25,5120,35,198,235,Feeling Pokémon,25,1250000,0.4,28,Raltsラルトス,Ralts,50,280,45,35,40,psychic,fairy,6.6,3,0,20,(),156,Route 204,7,0
"['Synchronize', 'Trace', 'Telepathy']",1,1,0,1,1,0.25,1,1,2,1,1,1,1,2,0.5,1,2,1,35,5120,35,278,120,Emotion Pokémon,35,1250000,0.8,38,Kirliaキルリア,Kirlia,50,281,65,55,50,psychic,fairy,20.2,3,0,NA,NA,157,Route 204,7,0
"['Synchronize', 'Trace', 'Telepathy']",1,1,0,1,1,0.25,1,1,2,1,1,1,1,2,0.5,1,2,1,85,5120,35,618,45,Embrace Pokémon,65,1250000,1.6,68,Sirnightサーナイト,Gardevoir,50,282,165,135,100,psychic,fairy,48.4,3,0,NA,NA,158,,NA,0
"['Steadfast', 'Justified']",1,1,1,1,2,0.5,1,2,2,1,1,1,1,1,1,0.5,1,1,165,5120,35,618,45,Blade Pokémon,95,1250000,1.6,68,Erureidoエルレイド,Gallade,100,475,65,115,110,psychic,fighting,52,4,0,NA,NA,159,,NA,0
"['Own Tempo', 'Oblivious', 'Cloud Nine']",1,1,1,1,1,2,1,1,0,1,1,1,1,1,1,1,1,1,55,5120,70,385,45,Licking Pokémon,75,1000000,1.2,90,Beroringaベロリンガ,Lickitung,50,108,60,75,30,normal,,65.5,1,0,NA,(after Rollout learned),160,Route 215,21,2
"['Own Tempo', 'Oblivious', 'Cloud Nine']",1,1,1,1,1,2,1,1,0,1,1,1,1,1,1,1,1,1,85,5120,70,515,30,Licking Pokémon,95,1000000,1.7,110,Berobeltベロベルト,Lickilicky,50,463,80,95,50,normal,,140,4,0,NA,NA,161,,NA,2
"['Run Away', 'Adaptability', 'Anticipation']",1,1,1,1,1,2,1,1,0,1,1,1,1,1,1,1,1,1,55,8960,70,325,45,Evolution Pokémon,50,1000000,0.3,55,Eievuiイーブイ,Eevee,88.1,133,45,65,55,normal,,6.5,1,0,NA,"(after Fairy-type move learned, and either ♥♥ Affection in Gen 6-7 or high friendship in Gen 8+)",162,Trophy Garden,17,1
"['Water Absorb', 'Hydration']",1,1,1,2,1,1,0.5,1,1,2,1,0.5,1,1,1,1,0.5,0.5,65,8960,70,525,45,Bubble Jet Pokémon,60,1000000,1,130,Showersシャワーズ,Vaporeon,88.1,134,110,95,65,water,,29,1,0,NA,(use Thunder Stone),163,,NA,1
"['Volt Absorb', 'Quick Feet']",1,1,1,0.5,1,1,1,0.5,1,1,2,1,1,1,1,1,0.5,1,65,8960,70,525,45,Lightning Pokémon,60,1000000,0.8,65,Thundersサンダース,Jolteon,88.1,135,110,95,130,electric,,24.5,1,0,NA,NA,164,,NA,1
"['Flash Fire', 'Guts']",0.5,1,1,1,0.5,1,0.5,1,1,0.5,2,0.5,1,1,1,2,0.5,2,130,8960,70,525,45,Flame Pokémon,60,1000000,0.9,65,Boosterブースター,Flareon,88.1,136,95,110,65,fire,,25,1,0,NA,NA,165,,NA,1
"['Synchronize', 'Magic Bounce']",2,2,1,1,1,0.5,1,1,2,1,1,1,1,1,0.5,1,1,1,65,8960,70,525,45,Sun Pokémon,60,1000000,0.9,65,Eifieエーフィ,Espeon,88.1,196,130,95,110,psychic,,26.5,2,0,NA,NA,166,,NA,1
"['Synchronize', 'Inner Focus']",2,0.5,1,1,2,2,1,1,0.5,1,1,1,1,1,0,1,1,1,65,8960,35,525,45,Moonlight Pokémon,110,1000000,1,95,Blackyブラッキー,Umbreon,88.1,197,60,130,65,dark,,27,2,0,NA,NA,167,,NA,1
"['Leaf Guard', 'Chlorophyll']",2,1,1,0.5,1,1,2,2,1,0.5,0.5,2,1,2,1,1,1,0.5,110,8960,35,525,45,Verdant Pokémon,130,1000000,1,65,Leafiaリーフィア,Leafeon,88.1,470,60,65,95,grass,,25.5,4,0,NA,NA,168,,NA,1
"['Snow Cloak', 'Ice Body']",1,1,1,1,1,2,2,1,1,1,1,0.5,1,1,1,2,2,1,60,8960,35,525,45,Fresh Snow Pokémon,110,1000000,0.8,65,Glaciaグレイシア,Glaceon,88.1,471,130,95,65,ice,,25.9,4,0,NA,NA,169,,NA,1
"['Natural Cure', 'Cloud Nine']",0.5,1,1,2,1,1,1,1,0,0.5,0,2,1,1,1,2,1,1,40,5120,70,310,255,Cotton Bird Pokémon,60,600000,0.4,45,Tylttoチルット,Swablu,50,333,40,75,50,normal,flying,1.2,3,0,35,(),170,Route 210,25,3
"['Natural Cure', 'Cloud Nine']",0.5,1,2,1,2,0.5,0.5,1,1,0.25,0,4,1,1,1,2,1,0.5,110,5120,70,590,45,Humming Pokémon,110,600000,1.1,75,Tyltalisチルタリス,Altaria,50,334,110,105,80,dragon,flying,20.6,3,0,NA,NA,171,,NA,3
"['Hustle', 'Serene Grace', 'Super Luck']",0.5,0.5,0,1,1,0.5,1,1,1,1,1,1,1,2,1,1,2,1,20,2560,70,245,190,Spike Ball Pokémon,65,800000,0.3,35,Togepyトゲピー,Togepi,88.1,175,40,65,20,fairy,,1.5,2,0,NA,(high Friendship),172,Eterna City,20,2
"['Hustle', 'Serene Grace', 'Super Luck']",0.25,0.5,0,2,1,0.25,1,1,1,0.5,0,2,1,2,1,2,2,1,40,2560,70,405,75,Happiness Pokémon,85,800000,0.6,55,Togechickトゲチック,Togetic,88.1,176,80,105,40,fairy,flying,3.2,2,0,NA,(use Shiny Stone),173,,NA,2
"['Hustle', 'Serene Grace', 'Super Luck']",0.25,0.5,0,2,1,0.25,1,1,1,0.5,0,2,1,2,1,2,2,1,50,2560,70,545,30,Jubilee Pokémon,95,800000,1.5,85,Togekissトゲキッス,Togekiss,88.1,468,120,115,80,fairy,flying,38,4,0,NA,NA,174,,NA,2
"['Early Bird', 'Flash Fire', 'Unnerve']",1,0.5,1,1,1,2,0.5,1,0.5,0.5,2,0.5,1,1,0,2,0.5,2,60,5120,35,330,120,Dark Pokémon,30,1250000,0.6,45,Delvilデルビル,Houndour,50,228,80,50,65,dark,fire,10.8,2,0,24,(),175,Route 214,24,3
"['Early Bird', 'Flash Fire', 'Unnerve']",1,0.5,1,1,1,2,0.5,1,0.5,0.5,2,0.5,1,1,0,2,0.5,2,90,5120,35,600,45,Dark Pokémon,90,1250000,1.4,75,Hellgarヘルガー,Houndoom,50,229,140,90,115,dark,fire,35,2,0,NA,NA,176,Route 214,24,3
"['Magnet Pull', 'Sturdy', 'Analytic']",0.5,1,0.5,0.5,0.5,2,2,0.25,1,0.5,4,0.5,0.5,0,0.5,0.5,0.25,1,35,5120,70,325,190,Magnet Pokémon,70,1000000,0.3,25,Coilコイル,Magnemite,NA,81,95,55,45,electric,steel,6,1,0,30,(),177,Route 222,41,6
"['Magnet Pull', 'Sturdy', 'Analytic']",0.5,1,0.5,0.5,0.5,2,2,0.25,1,0.5,4,0.5,0.5,0,0.5,0.5,0.25,1,60,5120,70,465,60,Magnet Pokémon,95,1000000,1,50,Rarecoilレアコイル,Magneton,NA,82,120,70,70,electric,steel,60,1,0,NA,"(use Thunder Stone, in Gen 8+, or level up in a Magnetic Field area)",178,Route 222,41,6
"['Magnet Pull', 'Sturdy', 'Analytic']",0.5,1,0.5,0.5,0.5,2,2,0.25,1,0.5,4,0.5,0.5,0,0.5,0.5,0.25,1,70,5120,70,535,30,Magnet Area Pokémon,115,1000000,1.2,70,Jibacoilジバコイル,Magnezone,NA,462,130,90,60,electric,steel,180,4,0,NA,NA,179,,NA,6
"['Chlorophyll', 'Leaf Guard', 'Regenerator']",2,1,1,0.5,1,1,2,2,1,0.5,0.5,2,1,2,1,1,1,0.5,55,5120,70,435,45,Vine Pokémon,115,1000000,1,65,Monjaraモンジャラ,Tangela,50,114,100,40,60,grass,,35,1,0,NA,(after Ancient Power learned),180,Greath Marsh,NA,6
"['Chlorophyll', 'Leaf Guard', 'Regenerator']",2,1,1,0.5,1,1,2,2,1,0.5,0.5,2,1,2,1,1,1,0.5,100,5120,70,535,30,Vine Pokémon,125,1000000,2,100,Mojumboモジャンボ,Tangrowth,50,465,110,50,50,grass,,128.6,4,0,NA,NA,181,,NA,6
"['Speed Boost', 'Compoundeyes', 'Frisk']",0.5,1,1,2,1,0.25,2,2,1,0.25,0,2,1,1,1,4,1,1,65,5120,70,390,75,Clear Wing Pokémon,45,1000000,1.2,65,Yanyanmaヤンヤンマ,Yanma,50,193,75,45,95,bug,flying,38,2,0,NA,(after Ancient Power learned),182,Greath Marsh,NA,6
"['Speed Boost', 'Tinted Lens', 'Frisk']",0.5,1,1,2,1,0.25,2,2,1,0.25,0,2,1,1,1,4,1,1,76,5120,70,515,30,Ogre Darner Pokémon,86,1000000,1.9,86,Megayanmaメガヤンマ,Yanmega,50,469,116,56,95,bug,flying,51.5,4,0,NA,NA,183,,NA,6
"['Chlorophyll', 'Solar Power', 'Harvest']",1,1,1,1,1,0.5,2,2,1,0.25,0,4,1,2,1,2,1,0.5,68,6400,70,460,200,Fruit Pokémon,83,1250000,2,99,Tropiusトロピウス,Tropius,50,357,72,87,51,grass,flying,100,3,0,NA,NA,184,Greath Marsh,NA,6
"['Lightningrod', 'Rock Head', 'Reckless']",1,1,1,0,1,2,0.5,0.5,1,4,2,2,0.5,0.25,1,0.5,2,4,85,5120,70,345,120,Spikes Pokémon,95,1250000,1,80,Sihornサイホーン,Rhyhorn,50,111,30,30,25,ground,rock,115,1,0,42,(),185,Route 213,22,2
"['Lightningrod', 'Rock Head', 'Reckless']",1,1,1,0,1,2,0.5,0.5,1,4,2,2,0.5,0.25,1,0.5,2,4,130,5120,70,485,60,Drill Pokémon,120,1250000,1.9,105,Sidonサイドン,Rhydon,50,112,45,45,40,ground,rock,120,1,0,NA,(trade holding Protector),186,Victory Road,51,7
"['Lightningrod', 'Solid Rock', 'Reckless']",1,1,1,0,1,2,0.5,0.5,1,4,2,2,0.5,0.25,1,0.5,2,4,140,5120,70,535,30,Drill Pokémon,130,1250000,2.4,115,Dosidonドサイドン,Rhyperior,50,464,55,55,40,ground,rock,282.8,4,0,NA,NA,187,,NA,7
"['Levitate', 'Frisk']",0.5,2,1,1,1,0,1,1,2,1,1,1,0,0.5,1,1,1,1,40,6400,35,295,190,Requiem Pokémon,90,800000,0.8,20,Yomawaruヨマワル,Duskull,50,355,30,90,25,ghost,,15,3,0,37,(),188,Route 209,16,1
"['Pressure', 'Frisk']",0.5,2,1,1,1,0,1,1,2,1,1,1,0,0.5,1,1,1,1,70,6400,35,455,90,Beckon Pokémon,130,800000,1.6,40,Samayouruサマヨール,Dusclops,50,356,60,130,25,ghost,,30.6,3,0,NA,(trade holding Reaper Cloth),189,,NA,1
"['Pressure', 'Frisk']",0.5,2,1,1,1,0,1,1,2,1,1,1,0,0.5,1,1,1,1,100,6400,35,525,45,Gripper Pokémon,135,800000,2.2,45,Yonoirヨノワール,Dusknoir,50,477,65,135,45,ghost,,106.6,4,0,NA,NA,190,,NA,1
"['Trace', 'Download', 'Analytic']",1,1,1,1,1,2,1,1,0,1,1,1,1,1,1,1,1,1,60,5120,70,395,45,Virtual Pokémon,70,1000000,0.8,65,Porygonポリゴン,Porygon,NA,137,85,75,40,normal,,36.5,1,0,NA,(trade holding Upgrade),191,Veilstone City,20,2
"['Trace', 'Download', 'Analytic']",1,1,1,1,1,2,1,1,0,1,1,1,1,1,1,1,1,1,80,5120,70,515,45,Virtual Pokémon,90,1000000,0.6,85,Porygon2ポリゴン２,Porygon2,NA,233,105,95,60,normal,,32.5,2,0,NA,(trade holding Dubious Disc),192,,NA,2
"['Adaptability', 'Download', 'Analytic']",1,1,1,1,1,2,1,1,0,1,1,1,1,1,1,1,1,1,80,5120,70,535,30,Virtual Pokémon,70,1000000,0.9,85,Porygon-zポリゴンＺ,Porygon-Z,NA,474,135,75,90,normal,,34,4,0,NA,NA,193,,NA,2
"['Swarm', 'Technician', 'Steadfast']",0.5,1,1,2,1,0.25,2,2,1,0.25,0,2,1,1,1,4,1,1,110,6400,70,500,45,Mantis Pokémon,80,1000000,1.5,70,Strikeストライク,Scyther,50,123,55,80,105,bug,flying,56,1,0,NA,NA,194,Route 210,25,3
"['Swarm', 'Technician', 'Light Metal']",0.5,1,0.5,1,0.5,1,4,1,1,0.25,1,0.5,0.5,0,0.5,1,0.5,1,150,6400,70,600,25,Pincer Pokémon,140,1000000,1.8,70,Hassamハッサム,Scizor,50,212,65,100,75,bug,steel,118,2,0,NA,NA,195,,NA,3
"['Static', 'Vital Spirit']",1,1,1,0.5,1,1,1,0.5,1,1,2,1,1,1,1,1,0.5,1,63,6400,70,360,45,Electric Pokémon,37,1000000,0.6,45,Elekidエレキッド,Elekid,75.4,239,65,55,95,electric,,23.5,2,0,30,(),196,Route 205,11,0
"['Static', 'Vital Spirit']",1,1,1,0.5,1,1,1,0.5,1,1,2,1,1,1,1,1,0.5,1,83,6400,70,490,45,Electric Pokémon,57,1000000,1.1,65,Elebooエレブー,Electabuzz,75.4,125,95,85,105,electric,,30,1,0,NA,(trade holding Electirizer),197,Route 222,41,6
"['Motor Drive', 'Vital Spirit']",1,1,1,0.5,1,1,1,0.5,1,1,2,1,1,1,1,1,0.5,1,123,6400,70,540,30,Thunderbolt Pokémon,67,1000000,1.8,75,Elekibleエレキブル,Electivire,75.4,466,95,85,95,electric,,138.6,4,0,NA,NA,198,,NA,6
"['Flame Body', 'Vital Spirit']",0.5,1,1,1,0.5,1,0.5,1,1,0.5,2,0.5,1,1,1,2,0.5,2,75,6400,70,365,45,Live Coal Pokémon,37,1000000,0.7,45,Bubyブビィ,Magby,75.4,240,70,55,83,fire,,21.4,2,0,30,(),199,,NA,6
"['Flame Body', 'Vital Spirit']",0.5,1,1,1,0.5,1,0.5,1,1,0.5,2,0.5,1,1,1,2,0.5,2,95,6400,70,495,45,Spitfire Pokémon,57,1000000,1.3,65,Booberブーバー,Magmar,75.4,126,100,85,93,fire,,44.5,1,0,NA,(trade holding Magmarizer),200,Fuego Ironworks,29,3
"['Flame Body', 'Vital Spirit']",0.5,1,1,1,0.5,1,0.5,1,1,0.5,2,0.5,1,1,1,2,0.5,2,95,6400,70,540,30,Blast Pokémon,67,1000000,1.6,75,Booburnブーバーン,Magmortar,75.4,467,125,95,83,fire,,68,4,0,NA,NA,201,,NA,3
"['Oblivious', 'Snow Cloak', 'Thick Fat']",1,1,1,0,1,2,2,1,1,2,1,1,1,0.5,1,1,2,2,50,5120,70,250,225,Pig Pokémon,40,1250000,0.4,50,Urimooウリムー,Swinub,50,220,30,30,50,ice,ground,6.5,2,0,33,(),202,Route 217,35,5
"['Oblivious', 'Snow Cloak', 'Thick Fat']",1,1,1,0,1,2,2,1,1,2,1,1,1,0.5,1,1,2,2,100,5120,70,450,75,Swine Pokémon,80,1250000,1.1,100,Inomooイノムー,Piloswine,50,221,60,60,50,ice,ground,55.8,2,0,NA,(after Ancient Power learned),203,Route 217,35,5
"['Oblivious', 'Snow Cloak', 'Thick Fat']",1,1,1,0,1,2,2,1,1,2,1,1,1,0.5,1,1,2,2,130,5120,70,530,50,Twin Tusk Pokémon,80,1250000,2.5,110,Mammooマンムー,Mamoswine,50,473,70,60,80,ice,ground,291,4,0,NA,NA,204,,NA,5
"['Inner Focus', 'Ice Body', 'Moody']",1,1,1,1,1,2,2,1,1,1,1,0.5,1,1,1,2,2,1,50,5120,70,300,190,Snow Hat Pokémon,50,1000000,0.7,50,Yukiwarashiユキワラシ,Snorunt,50,361,50,50,50,ice,,16.8,3,0,NA,NA,205,Route 216,33,4
"['Inner Focus', 'Ice Body', 'Moody']",1,1,1,1,1,2,2,1,1,1,1,0.5,1,1,1,2,2,1,120,5120,70,580,75,Face Pokémon,80,1000000,1.5,80,Onigohriオニゴーリ,Glalie,50,362,120,80,100,ice,,256.5,3,0,NA,NA,206,,NA,4
"['Snow Cloak', 'Cursed Body']",0.5,2,1,1,1,0,2,1,2,1,1,0.5,0,0.5,1,2,2,1,80,5120,70,480,75,Snow Land Pokémon,70,1000000,1.3,70,Yukimenokoユキメノコ,Froslass,0,478,80,70,110,ice,ghost,26.6,4,0,NA,NA,207,,NA,4
"['Pressure', 'Super Luck', 'Justified']",2,0.5,1,1,2,2,1,1,0.5,1,1,1,1,1,0,1,1,1,150,6400,35,565,30,Disaster Pokémon,60,1059860,1.2,65,Absolアブソル,Absol,50,359,115,60,115,dark,,47,3,0,NA,NA,208,Route 213,22,2
"['Pressure', 'Telepathy', 'Levitate']",0.5,2,2,0.5,2,0,0.5,1,2,0.5,1,2,0,0.5,1,1,1,0.5,120,30720,0,680,3,Renegade Pokémon,100,1250000,4.5,150,Giratina (another Forme)ギラティナ,Giratina,NA,487,120,100,90,ghost,dragon,750,4,1,NA,NA,209,Distortion World,60,7
